{
    "Alban": {
        "last_bike_path": {
            "end": [
                58.40382303113436,
                15.569601058959963
            ],
            "path": [
                [
                    58.4076865,
                    15.57091
                ],
                [
                    58.4074509,
                    15.5711099
                ],
                [
                    58.4073912,
                    15.5709584
                ],
                [
                    58.4072918,
                    15.5707464
                ],
                [
                    58.4072141,
                    15.5703562
                ],
                [
                    58.4072152,
                    15.5702167
                ],
                [
                    58.4070662,
                    15.5696061
                ],
                [
                    58.4072416,
                    15.5694441
                ],
                [
                    58.4070928,
                    15.5688514
                ],
                [
                    58.4070194,
                    15.5685324
                ],
                [
                    58.4069794,
                    15.5685699
                ],
                [
                    58.406942,
                    15.5684272
                ],
                [
                    58.4069146,
                    15.5680287
                ],
                [
                    58.4069722,
                    15.5679706
                ],
                [
                    58.4067761,
                    15.5671611
                ],
                [
                    58.4067399,
                    15.567136
                ],
                [
                    58.4065936,
                    15.5672713
                ],
                [
                    58.4065484,
                    15.5672684
                ],
                [
                    58.4065129,
                    15.5672951
                ],
                [
                    58.4063435,
                    15.5666184
                ],
                [
                    58.4059384,
                    15.5669903
                ],
                [
                    58.4058285,
                    15.5670836
                ],
                [
                    58.4057711,
                    15.5670587
                ],
                [
                    58.4053291,
                    15.5672037
                ],
                [
                    58.405052,
                    15.5673121
                ],
                [
                    58.4047872,
                    15.5674217
                ],
                [
                    58.4045192,
                    15.5675284
                ],
                [
                    58.4044083,
                    15.5675734
                ],
                [
                    58.4044433,
                    15.5677968
                ],
                [
                    58.4045172,
                    15.5681774
                ],
                [
                    58.4045807,
                    15.5685241
                ],
                [
                    58.404612,
                    15.5688041
                ],
                [
                    58.4047759,
                    15.5702301
                ],
                [
                    58.404863,
                    15.5710406
                ]
            ],
            "start": [
                58.40784849689004,
                15.57114601135254
            ]
        },
        "last_car_path": {
            "end": [
                58.401322622079135,
                15.57741165161133
            ],
            "path": [
                [
                    58.4029404,
                    15.5795487
                ],
                [
                    58.4029855,
                    15.57938
                ],
                [
                    58.4030348,
                    15.5792237
                ],
                [
                    58.4030778,
                    15.5791153
                ],
                [
                    58.403119,
                    15.5790325
                ],
                [
                    58.4031981,
                    15.5789133
                ],
                [
                    58.4032953,
                    15.5787998
                ],
                [
                    58.4033807,
                    15.5787336
                ],
                [
                    58.4034741,
                    15.5786832
                ],
                [
                    58.4035589,
                    15.5786596
                ],
                [
                    58.4037639,
                    15.5786498
                ],
                [
                    58.4038735,
                    15.5786454
                ],
                [
                    58.4041171,
                    15.5786374
                ],
                [
                    58.4044405,
                    15.5786429
                ],
                [
                    58.4046283,
                    15.5786501
                ],
                [
                    58.4047388,
                    15.5786242
                ],
                [
                    58.4048258,
                    15.5785882
                ],
                [
                    58.4048939,
                    15.5785488
                ],
                [
                    58.4049235,
                    15.5785093
                ],
                [
                    58.4049455,
                    15.5784059
                ],
                [
                    58.4049508,
                    15.5783448
                ],
                [
                    58.4049525,
                    15.578259
                ],
                [
                    58.4049713,
                    15.5781049
                ],
                [
                    58.4049772,
                    15.5779404
                ],
                [
                    58.4049904,
                    15.5774914
                ],
                [
                    58.4049717,
                    15.5771143
                ],
                [
                    58.4049118,
                    15.5765447
                ],
                [
                    58.4047683,
                    15.5753498
                ],
                [
                    58.4046325,
                    15.5742348
                ],
                [
                    58.4045328,
                    15.5734434
                ],
                [
                    58.4044762,
                    15.5731711
                ],
                [
                    58.4044175,
                    15.5729716
                ],
                [
                    58.4043497,
                    15.5727761
                ],
                [
                    58.4042805,
                    15.5726193
                ],
                [
                    58.4041988,
                    15.5724681
                ],
                [
                    58.4040991,
                    15.5723235
                ],
                [
                    58.4040435,
                    15.5722531
                ],
                [
                    58.4039728,
                    15.5721803
                ],
                [
                    58.4039024,
                    15.5721206
                ],
                [
                    58.4038259,
                    15.5720595
                ],
                [
                    58.4037441,
                    15.5720098
                ],
                [
                    58.4036603,
